{"cameraMode":{"drawMode":0,"name":"Shaded","section":"Shading Mode"},"sceneLighting":true,"audioPlay":false,"sceneViewState":{"m_AlwaysRefresh":false,"showFog":true,"showSkybox":true,"showFlares":true,"showImageEffects":true,"showParticleSystems":true,"showVisualEffectGraphs":true,"m_FxEnabled":true},"in2DMode":false,"pivot":{"x":0.6579753160476685,"y":2.171069622039795,"z":-6.0144853591918949},"rotation":{"x":-0.28279295563697817,"y":0.09962054342031479,"z":-0.029544895514845849,"w":-0.9535361528396606},"size":10.882596015930176,"orthographic":false}