{"cameraMode":{"drawMode":0,"name":"Shaded","section":"Shading Mode"},"sceneLighting":true,"audioPlay":false,"sceneViewState":{"m_AlwaysRefresh":false,"showFog":true,"showSkybox":true,"showFlares":true,"showImageEffects":true,"showParticleSystems":true,"showVisualEffectGraphs":true,"m_FxEnabled":true},"in2DMode":false,"pivot":{"x":-7.3271942138671879,"y":5.927038192749023,"z":16.798385620117189},"rotation":{"x":-0.06385619938373566,"y":0.6495919227600098,"z":-0.054897092282772067,"w":-0.7556052803993225},"size":10.745741844177246,"orthographic":false}